Meeting ID,Topic,Start Time,End Time,User Email,Duration (Minutes),Participants
95645604543,Datova Analytika,2024-05-30 18:12:40,2024-05-30 21:41:42,info@prahacoding.cz,209,7
Name (Original Name),User Email,Join Time,Leave Time,Duration (Minutes),Guest,Recording Consent,In Waiting Room
Alena Magrlová,,2024-05-30 18:12:40,2024-05-30 21:41:42,210,Yes,,No
Antonín Klimeš,,2024-05-30 18:21:50,2024-05-30 21:37:17,196,Yes,,No
Jarmila Zlá,,2024-05-30 18:24:19,2024-05-30 21:41:31,198,Yes,,No
Olga Šponiarová,,2024-05-30 18:24:41,2024-05-30 21:37:25,193,Yes,,No
Bedřich Nosek,,2024-05-30 18:28:39,2024-05-30 18:30:15,2,Yes,,No
Marie Žikešová,,2024-05-30 18:30:11,2024-05-30 21:41:18,192,Yes,,No
Bedřich Nosek,,2024-05-30 18:30:15,2024-05-30 21:38:57,189,Yes,,No
