Meeting ID,Topic,Start Time,End Time,User Email,Duration (Minutes),Participants
95645604543,Datova Analytika,2024-05-02 18:18:42,2024-05-02 21:45:54,info@prahacoding.cz,207,15
Name (Original Name),User Email,Join Time,Leave Time,Duration (Minutes),Guest,Recording Consent,In Waiting Room
Pavel Urbášek,,2024-05-02 18:18:42,2024-05-02 21:45:21,207,Yes,Yes,No
Jarmila Zlá,,2024-05-02 18:18:54,2024-05-02 21:41:39,203,Yes,Yes,No
Naděžda Vojíková,,2024-05-02 18:19:07,2024-05-02 21:45:53,207,Yes,Yes,No
Olga Šponiarová,,2024-05-02 18:21:39,2024-05-02 21:12:26,171,Yes,Yes,No
Antonín Klimeš,,2024-05-02 18:22:03,2024-05-02 21:12:22,171,Yes,Yes,No
Helena Jordanova,,2024-05-02 18:27:10,2024-05-02 21:12:23,166,Yes,Yes,No
Alena Magrlová,,2024-05-02 18:29:27,2024-05-02 21:45:54,197,Yes,Yes,No
Bedřich Nosek,,2024-05-02 18:29:32,2024-05-02 18:31:16,2,Yes,Yes,No
Andrea Míková,,2024-05-02 18:29:37,2024-05-02 21:12:21,163,Yes,Yes,No
Marie Žikešová,,2024-05-02 18:29:52,2024-05-02 21:12:23,163,Yes,Yes,No
Bedřich Nosek,,2024-05-02 18:30:22,2024-05-02 18:31:10,1,Yes,,No
Bedřich Nosek,,2024-05-02 18:31:27,2024-05-02 19:02:13,31,Yes,,No
Jan Bešta,,2024-05-02 18:31:50,2024-05-02 21:23:23,172,Yes,Yes,No
Bedřich Nosek,,2024-05-02 18:32:08,2024-05-02 18:59:35,28,Yes,Yes,No
Bedřich Nosek,,2024-05-02 19:02:14,2024-05-02 21:12:24,131,Yes,,No
