Meeting ID,Topic,Start Time,End Time,User Email,Duration (Minutes),Participants
95645604543,Datova Analytika,2024-06-11 16:27:42,2024-06-11 22:10:26,info@prahacoding.cz,342,8
Name (Original Name),User Email,Join Time,Leave Time,Duration (Minutes),Guest,Recording Consent,In Waiting Room
Bedřich Nosek,,2024-06-11 16:27:42,2024-06-11 22:10:26,343,Yes,,No
Alena Magrlová,,2024-06-11 18:11:54,2024-06-11 21:29:36,198,Yes,,No
Antonín Klimeš,,2024-06-11 18:23:53,2024-06-11 21:29:41,186,Yes,,No
Jarmila Zlá,,2024-06-11 18:24:35,2024-06-11 21:26:12,182,Yes,,No
Olga Šponiarová,,2024-06-11 18:25:00,2024-06-11 21:30:14,186,Yes,,No
Helena Jordanova,,2024-06-11 18:27:53,2024-06-11 21:26:07,179,Yes,,No
Marie Žikešová,,2024-06-11 18:29:53,2024-06-11 21:28:32,179,Yes,,No
Andrea Míková,,2024-06-11 18:57:37,2024-06-11 21:26:12,149,Yes,,No
