Meeting ID,Topic,Start Time,End Time,User Email,Duration (Minutes),Participants
95645604543,Datova Analytika,2024-06-18 18:19:01,2024-06-18 19:57:06,info@prahacoding.cz,98,7
Name (Original Name),User Email,Join Time,Leave Time,Duration (Minutes),Guest,Recording Consent,In Waiting Room
Jarmila Zlá,,2024-06-18 18:19:01,2024-06-18 19:46:13,88,Yes,,No
Olga Šponiarová,,2024-06-18 18:24:10,2024-06-18 19:45:39,82,Yes,,No
Helena Jordanova,,2024-06-18 18:27:05,2024-06-18 19:45:33,79,Yes,,No
Andrea Míková,,2024-06-18 18:27:38,2024-06-18 19:45:33,78,Yes,,No
Antonín Klimeš,,2024-06-18 18:27:51,2024-06-18 19:57:06,90,Yes,,No
Marie Žikešová,,2024-06-18 18:30:15,2024-06-18 18:30:28,1,Yes,,No
Marie Žikešová,,2024-06-18 18:31:15,2024-06-18 19:45:32,75,Yes,,No
