Meeting ID,Topic,Start Time,End Time,User Email,Duration (Minutes),Participants
95645604543,Datova Analytika,2024-06-10 18:16:27,2024-06-10 21:45:18,info@prahacoding.cz,208,10
Name (Original Name),User Email,Join Time,Leave Time,Duration (Minutes),Guest,Recording Consent,In Waiting Room
Alena Magrlová,,2024-06-10 18:16:27,2024-06-10 19:01:26,45,Yes,,No
Olga Šponiarová,,2024-06-10 18:24:27,2024-06-10 21:32:15,188,Yes,,No
Antonín Klimeš,,2024-06-10 18:24:39,2024-06-10 21:45:18,201,Yes,,No
Jarmila Zlá,,2024-06-10 18:25:34,2024-06-10 21:29:56,185,Yes,,No
Bedřich Nosek,,2024-06-10 18:26:14,2024-06-10 21:29:57,184,Yes,,No
Helena Jordanova,,2024-06-10 18:28:19,2024-06-10 21:34:18,186,Yes,,No
Marie Žikešová,,2024-06-10 18:30:05,2024-06-10 18:31:05,1,Yes,,No
Marie Žikešová,,2024-06-10 18:31:49,2024-06-10 21:37:03,186,Yes,,No
Andrea Míková,,2024-06-10 18:31:50,2024-06-10 21:37:04,186,Yes,,No
Alena Magrlová,,2024-06-10 18:58:31,2024-06-10 21:36:03,158,Yes,,No
