Meeting ID,Topic,Start Time,End Time,User Email,Duration (Minutes),Participants
95645604543,Datova Analytika,2024-05-20 18:12:53,2024-05-20 21:36:07,info@prahacoding.cz,203,10
Name (Original Name),User Email,Join Time,Leave Time,Duration (Minutes),Guest,Recording Consent,In Waiting Room
Alena Magrlová,,2024-05-20 18:12:53,2024-05-20 21:36:07,204,Yes,,No
Jarmila Zlá,,2024-05-20 18:20:33,2024-05-20 21:36:00,196,Yes,,No
Bedřich Nosek,,2024-05-20 18:24:05,2024-05-20 21:36:01,192,Yes,,No
Olga Šponiarová,,2024-05-20 18:24:09,2024-05-20 21:36:06,192,Yes,,No
Helena Jordanova,,2024-05-20 18:26:35,2024-05-20 21:36:03,190,Yes,,No
Andrea Míková,,2024-05-20 18:29:28,2024-05-20 21:18:06,169,Yes,,No
Antonín Klimeš,,2024-05-20 18:29:28,2024-05-20 21:36:04,187,Yes,,No
Marie Žikešová,,2024-05-20 18:29:53,2024-05-20 21:36:01,187,Yes,,No
Jan Bešta,,2024-05-20 18:37:49,2024-05-20 19:28:11,51,Yes,,No
Jan Bešta,,2024-05-20 19:37:35,2024-05-20 21:36:04,119,Yes,,No
