Meeting ID,Topic,Start Time,End Time,User Email,Duration (Minutes),Participants
95645604543,Datova Analytika,2024-06-06 18:10:56,2024-06-06 21:54:36,info@prahacoding.cz,223,9
Name (Original Name),User Email,Join Time,Leave Time,Duration (Minutes),Guest,Recording Consent,In Waiting Room
Alena Magrlová,,2024-06-06 18:10:56,2024-06-06 20:31:04,141,Yes,,No
Antonín Klimeš,,2024-06-06 18:19:54,2024-06-06 21:54:36,215,Yes,,No
Olga Šponiarová,,2024-06-06 18:20:44,2024-06-06 21:38:13,198,Yes,,No
Bedřich Nosek,,2024-06-06 18:25:42,2024-06-06 21:29:57,185,Yes,,No
Helena Jordanova,,2024-06-06 18:28:18,2024-06-06 21:29:36,182,Yes,,No
Jarmila Zlá,,2024-06-06 18:28:23,2024-06-06 21:28:45,181,Yes,,No
Andrea Míková,,2024-06-06 18:29:31,2024-06-06 21:32:03,183,Yes,,No
Marie Žikešová,,2024-06-06 18:30:39,2024-06-06 21:29:32,179,Yes,,No
Alena Magrlová,,2024-06-06 20:33:21,2024-06-06 21:27:09,54,Yes,,No
