Meeting ID,Topic,Start Time,End Time,User Email,Duration (Minutes),Participants
95645604543,Datova Analytika,2024-05-09 18:20:07,2024-05-09 22:03:32,info@prahacoding.cz,223,33
Name (Original Name),User Email,Join Time,Leave Time,Duration (Minutes),Guest,Recording Consent,In Waiting Room
Olga Šponiarová,,2024-05-09 18:20:07,2024-05-09 19:34:10,75,Yes,Yes,No
Andrea Míková,,2024-05-09 18:25:21,2024-05-09 19:34:00,69,Yes,Yes,No
Jarmila Zlá,,2024-05-09 18:26:31,2024-05-09 19:34:13,68,Yes,Yes,No
Helena Jordanova,,2024-05-09 18:26:40,2024-05-09 19:34:02,68,Yes,Yes,No
Bedřich Nosek,,2024-05-09 18:26:53,2024-05-09 19:33:57,68,Yes,Yes,No
Marie Žikešová,,2024-05-09 18:30:04,2024-05-09 19:33:57,64,Yes,Yes,No
Antonín Klimeš,,2024-05-09 18:31:50,2024-05-09 19:34:00,63,Yes,Yes,No
Bedřich Nosek,,2024-05-09 18:32:47,2024-05-09 18:46:18,14,Yes,,No
Alena Magrlová,,2024-05-09 18:32:59,2024-05-09 19:34:18,62,Yes,Yes,No
Naděžda Vojíková,,2024-05-09 18:35:55,2024-05-09 19:35:47,60,Yes,Yes,No
Jan Bešta,,2024-05-09 18:50:35,2024-05-09 19:34:14,44,Yes,,No
Marie Žikešová,,2024-05-09 19:33:57,2024-05-09 21:07:29,94,Yes,,No
Bedřich Nosek,,2024-05-09 19:33:57,2024-05-09 21:07:30,94,Yes,,No
Andrea Míková,,2024-05-09 19:34:01,2024-05-09 21:06:44,93,Yes,,No
Antonín Klimeš,,2024-05-09 19:34:01,2024-05-09 21:07:30,94,Yes,,No
Helena Jordanova,,2024-05-09 19:34:03,2024-05-09 21:06:48,93,Yes,,No
Olga Šponiarová,,2024-05-09 19:34:10,2024-05-09 21:07:06,93,Yes,,No
Jarmila Zlá,,2024-05-09 19:34:14,2024-05-09 21:06:58,93,Yes,,No
Jan Bešta,,2024-05-09 19:34:14,2024-05-09 21:06:44,93,Yes,,No
Alena Magrlová,,2024-05-09 19:34:18,2024-05-09 21:07:07,93,Yes,,No
Naděžda Vojíková,,2024-05-09 19:35:27,2024-05-09 19:36:04,1,Yes,,No
Naděžda Vojíková,,2024-05-09 19:36:05,2024-05-09 21:06:59,91,Yes,,No
Andrea Míková,,2024-05-09 21:06:45,2024-05-09 21:48:10,42,Yes,,No
Jan Bešta,,2024-05-09 21:06:45,2024-05-09 21:21:48,16,Yes,Yes,No
Helena Jordanova,,2024-05-09 21:06:48,2024-05-09 21:56:14,50,Yes,,No
Jarmila Zlá,,2024-05-09 21:06:58,2024-05-09 21:39:31,33,Yes,,No
Naděžda Vojíková,,2024-05-09 21:07:00,2024-05-09 22:03:32,57,Yes,,No
Olga Šponiarová,,2024-05-09 21:07:07,2024-05-09 21:37:52,31,Yes,,No
Alena Magrlová,,2024-05-09 21:07:07,2024-05-09 21:48:05,41,Yes,,No
Marie Žikešová,,2024-05-09 21:07:29,2024-05-09 21:39:15,32,Yes,,No
Antonín Klimeš,,2024-05-09 21:07:30,2024-05-09 21:37:47,31,Yes,,No
Bedřich Nosek,,2024-05-09 21:07:31,2024-05-09 21:37:50,31,Yes,,No
Jan Bešta,,2024-05-09 21:23:37,2024-05-09 21:54:48,32,Yes,Yes,No
