Meeting ID,Topic,Start Time,End Time,User Email,Duration (Minutes),Participants
95645604543,Datova Analytika,2024-05-13 18:18:52,2024-05-13 22:28:39,info@prahacoding.cz,249,9
Name (Original Name),User Email,Join Time,Leave Time,Duration (Minutes),Guest,Recording Consent,In Waiting Room
Alena Magrlová,,2024-05-13 18:18:52,2024-05-13 21:30:38,192,Yes,Yes,No
Jarmila Zlá,,2024-05-13 18:23:45,2024-05-13 21:30:35,187,Yes,Yes,No
Helena Jordanova,,2024-05-13 18:24:59,2024-05-13 21:30:40,186,Yes,Yes,No
Olga Šponiarová,,2024-05-13 18:26:20,2024-05-13 21:30:41,185,Yes,Yes,No
Antonín Klimeš,,2024-05-13 18:26:33,2024-05-13 22:05:31,219,Yes,Yes,No
Bedřich Nosek,,2024-05-13 18:27:41,2024-05-13 22:28:39,241,Yes,Yes,No
Andrea Míková,,2024-05-13 18:28:27,2024-05-13 21:30:34,183,Yes,Yes,No
Marie Žikešová,,2024-05-13 18:30:02,2024-05-13 21:30:36,181,Yes,Yes,No
Jan Bešta,,2024-05-13 18:36:43,2024-05-13 21:30:37,174,Yes,Yes,No
