Meeting ID,Topic,Start Time,End Time,User Email,Duration (Minutes),Participants
95645604543,Datova Analytika,2024-06-17 18:23:34,2024-06-17 21:20:50,info@prahacoding.cz,177,6
Name (Original Name),User Email,Join Time,Leave Time,Duration (Minutes),Guest,Recording Consent,In Waiting Room
Olga Šponiarová,,2024-06-17 18:23:34,2024-06-17 21:20:50,178,Yes,,No
Jarmila Zlá,,2024-06-17 18:23:58,2024-06-17 21:20:47,177,Yes,,No
Andrea Míková,,2024-06-17 18:25:24,2024-06-17 21:20:45,176,Yes,,No
Jan Bešta,,2024-06-17 18:27:47,2024-06-17 20:23:13,116,Yes,,No
Helena Jordanova,,2024-06-17 18:28:48,2024-06-17 21:20:47,172,Yes,,No
Marie Žikešová,,2024-06-17 18:30:09,2024-06-17 21:20:47,171,Yes,,No
