Meeting ID,Topic,Start Time,End Time,User Email,Duration (Minutes),Participants
95645604543,Datova Analytika,2024-06-13 18:10:39,2024-06-13 21:30:38,info@prahacoding.cz,199,8
Name (Original Name),User Email,Join Time,Leave Time,Duration (Minutes),Guest,Recording Consent,In Waiting Room
Alena Magrlová,,2024-06-13 18:10:39,2024-06-13 21:28:12,198,Yes,,No
Bedřich Nosek,,2024-06-13 18:18:25,2024-06-13 21:28:13,190,Yes,,No
Jarmila Zlá,,2024-06-13 18:23:52,2024-06-13 21:30:36,187,Yes,,No
Olga Šponiarová,,2024-06-13 18:25:31,2024-06-13 21:30:38,186,Yes,,No
Helena Jordanova,,2024-06-13 18:27:43,2024-06-13 21:28:05,181,Yes,,No
Antonín Klimeš,,2024-06-13 18:29:19,2024-06-13 21:29:12,180,Yes,,No
Andrea Míková,,2024-06-13 18:29:32,2024-06-13 21:29:10,180,Yes,,No
Marie Žikešová,,2024-06-13 18:31:47,2024-06-13 21:30:34,179,Yes,,No
