Meeting ID,Topic,Start Time,End Time,User Email,Duration (Minutes),Participants
95645604543,Datova Analytika,2024-05-07 18:21:04,2024-05-07 21:34:19,info@prahacoding.cz,193,11
Name (Original Name),User Email,Join Time,Leave Time,Duration (Minutes),Guest,Recording Consent,In Waiting Room
Antonín Klimeš,,2024-05-07 18:21:04,2024-05-07 21:34:11,194,Yes,Yes,No
Andrea Míková,,2024-05-07 18:21:22,2024-05-07 20:04:59,104,Yes,Yes,No
Olga Šponiarová,,2024-05-07 18:21:30,2024-05-07 21:34:09,193,Yes,Yes,No
Jarmila Zlá,,2024-05-07 18:24:16,2024-05-07 21:34:05,190,Yes,Yes,No
Alena Magrlová,,2024-05-07 18:25:03,2024-05-07 21:34:10,190,Yes,Yes,No
Bedřich Nosek,,2024-05-07 18:27:03,2024-05-07 21:34:05,188,Yes,Yes,No
Helena Jordanova,,2024-05-07 18:27:47,2024-05-07 21:34:04,187,Yes,Yes,No
Marie Žikešová,,2024-05-07 18:30:31,2024-05-07 21:34:04,184,Yes,Yes,No
Naděžda Vojíková,,2024-05-07 18:30:48,2024-05-07 21:34:19,184,Yes,Yes,No
Jan Bešta,,2024-05-07 18:35:22,2024-05-07 21:18:39,164,Yes,Yes,No
Andrea Míková,,2024-05-07 20:09:29,2024-05-07 21:34:02,85,Yes,Yes,No
