Meeting ID,Topic,Start Time,End Time,User Email,Duration (Minutes),Participants
95645604543,Datova Analytika,2024-05-14 18:17:06,2024-05-14 21:32:52,info@prahacoding.cz,195,11
Name (Original Name),User Email,Join Time,Leave Time,Duration (Minutes),Guest,Recording Consent,In Waiting Room
Antonín Klimeš,,2024-05-14 18:17:06,2024-05-14 21:32:46,196,Yes,Yes,No
Olga Šponiarová,,2024-05-14 18:20:16,2024-05-14 21:32:50,193,Yes,Yes,No
Alena Magrlová,,2024-05-14 18:22:33,2024-05-14 21:32:50,191,Yes,Yes,No
Helena Jordanova,,2024-05-14 18:24:10,2024-05-14 21:32:51,189,Yes,Yes,No
Jan Bešta,,2024-05-14 18:26:11,2024-05-14 20:20:36,115,Yes,,No
Jarmila Zlá,,2024-05-14 18:26:29,2024-05-14 21:32:45,187,Yes,Yes,No
Andrea Míková,,2024-05-14 18:28:29,2024-05-14 21:32:45,185,Yes,Yes,No
Marie Žikešová,,2024-05-14 18:29:51,2024-05-14 21:32:46,183,Yes,Yes,No
Bedřich Nosek,,2024-05-14 18:29:51,2024-05-14 21:32:52,184,Yes,Yes,No
Bedřich Nosek,,2024-05-14 19:51:52,2024-05-14 21:32:49,101,Yes,Yes,No
Jan Bešta,,2024-05-14 20:21:03,2024-05-14 21:32:48,72,Yes,,No
