Meeting ID,Topic,Start Time,End Time,User Email,Duration (Minutes),Participants
95645604543,Datova Analytika,2024-05-23 18:21:43,2024-05-23 21:38:05,info@prahacoding.cz,196,9
Name (Original Name),User Email,Join Time,Leave Time,Duration (Minutes),Guest,Recording Consent,In Waiting Room
Olga Šponiarová,,2024-05-23 18:21:43,2024-05-23 21:37:42,196,Yes,,No
Jarmila Zlá,,2024-05-23 18:25:41,2024-05-23 21:37:36,192,Yes,,No
Helena Jordanova,,2024-05-23 18:27:09,2024-05-23 21:37:35,191,Yes,,No
Andrea Míková,,2024-05-23 18:29:22,2024-05-23 21:37:34,189,Yes,,No
Marie Žikešová,,2024-05-23 18:30:13,2024-05-23 21:37:33,188,Yes,,No
Bedřich Nosek,,2024-05-23 18:30:37,2024-05-23 21:37:38,188,Yes,,No
Alena Magrlová,,2024-05-23 18:31:48,2024-05-23 21:35:22,184,Yes,,No
Bedřich Nosek,,2024-05-23 18:39:19,2024-05-23 21:37:41,179,Yes,,No
Alena Magrlová,,2024-05-23 20:13:17,2024-05-23 21:38:05,85,Yes,,No
