Meeting ID,Topic,Start Time,End Time,User Email,Duration (Minutes),Participants
95645604543,Datova Analytika,2024-05-28 18:07:10,2024-05-28 21:43:35,info@prahacoding.cz,216,29
Name (Original Name),User Email,Join Time,Leave Time,Duration (Minutes),Guest,Recording Consent,In Waiting Room
Jan Bešta,,2024-05-28 18:07:10,2024-05-28 18:36:09,29,Yes,,No
Olga Šponiarová,,2024-05-28 18:25:02,2024-05-28 18:36:11,12,Yes,,No
Jarmila Zlá,,2024-05-28 18:25:27,2024-05-28 18:36:19,11,Yes,,No
Helena Jordanova,,2024-05-28 18:25:53,2024-05-28 18:36:16,11,Yes,,No
Antonín Klimeš,,2024-05-28 18:29:18,2024-05-28 18:36:07,7,Yes,,No
Andrea Míková,,2024-05-28 18:30:11,2024-05-28 18:36:12,7,Yes,,No
Marie Žikešová,,2024-05-28 18:30:40,2024-05-28 18:36:15,6,Yes,,No
Bedřich Nosek,,2024-05-28 18:30:45,2024-05-28 18:36:07,6,Yes,,No
Alena Magrlová,,2024-05-28 18:31:04,2024-05-28 18:36:10,6,Yes,,No
Bedřich Nosek,,2024-05-28 18:36:07,2024-05-28 20:59:34,144,Yes,,No
Antonín Klimeš,,2024-05-28 18:36:08,2024-05-28 20:59:36,144,Yes,,No
Jan Bešta,,2024-05-28 18:36:09,2024-05-28 20:59:54,144,Yes,,No
Alena Magrlová,,2024-05-28 18:36:11,2024-05-28 21:00:18,145,Yes,,No
Olga Šponiarová,,2024-05-28 18:36:12,2024-05-28 20:59:49,144,Yes,,No
Andrea Míková,,2024-05-28 18:36:12,2024-05-28 20:59:26,144,Yes,,No
Marie Žikešová,,2024-05-28 18:36:15,2024-05-28 21:00:17,145,Yes,,No
Helena Jordanova,,2024-05-28 18:36:16,2024-05-28 20:59:27,144,Yes,,No
Jarmila Zlá,,2024-05-28 18:36:20,2024-05-28 21:00:29,145,Yes,,No
Alena Magrlová,,2024-05-28 18:40:17,2024-05-28 18:44:23,5,Yes,,No
Alena Magrlová,,2024-05-28 18:44:23,2024-05-28 19:35:18,51,Yes,,No
Andrea Míková,,2024-05-28 20:59:27,2024-05-28 21:36:55,38,Yes,,No
Helena Jordanova,,2024-05-28 20:59:27,2024-05-28 21:43:25,44,Yes,,No
Bedřich Nosek,,2024-05-28 20:59:34,2024-05-28 21:30:35,32,Yes,,No
Antonín Klimeš,,2024-05-28 20:59:36,2024-05-28 21:39:28,40,Yes,,No
Olga Šponiarová,,2024-05-28 20:59:50,2024-05-28 21:43:30,44,Yes,,No
Jan Bešta,,2024-05-28 20:59:55,2024-05-28 21:43:35,44,Yes,,No
Marie Žikešová,,2024-05-28 21:00:18,2024-05-28 21:43:28,44,Yes,,No
Alena Magrlová,,2024-05-28 21:00:19,2024-05-28 21:41:07,41,Yes,,No
Jarmila Zlá,,2024-05-28 21:00:29,2024-05-28 21:39:15,39,Yes,,No
