Meeting ID,Topic,Start Time,End Time,User Email,Duration (Minutes),Participants
95645604274,Datova Analytika,2024-04-04 18:23:43,2024-04-04 21:34:26,info@prahacoding.cz,190,25
Name (Original Name),User Email,Join Time,Leave Time,Duration (Minutes),Guest,Recording Consent,In Waiting Room
Hana Füllová,,2024-04-04 18:23:43,2024-04-04 18:38:51,16,Yes,Yes,No
Petra Strnadová,,2024-04-04 18:25:17,2024-04-04 18:38:59,14,Yes,Yes,No
Iveta Poloková,,2024-04-04 18:25:20,2024-04-04 18:38:54,14,Yes,Yes,No
František Matějíček,,2024-04-04 18:25:26,2024-04-04 18:39:10,14,Yes,Yes,No
Karel Pavlacký,,2024-04-04 18:26:01,2024-04-04 18:38:54,13,Yes,Yes,No
Ondřej Koutný,,2024-04-04 18:26:41,2024-04-04 18:38:52,13,Yes,Yes,No
Ludmila Kozáková,,2024-04-04 18:28:56,2024-04-04 18:39:01,11,Yes,Yes,No
Hana Füllová,,2024-04-04 18:29:30,2024-04-04 18:33:22,4,Yes,Yes,No
Oskar Koriťák,,2024-04-04 18:30:03,2024-04-04 18:38:57,9,Yes,Yes,No
Hana Füllová,,2024-04-04 18:38:51,2024-04-04 20:34:50,116,Yes,,No
Ondřej Koutný,,2024-04-04 18:38:53,2024-04-04 20:32:55,115,Yes,,No
Karel Pavlacký,,2024-04-04 18:38:55,2024-04-04 20:35:04,117,Yes,,No
Iveta Poloková,,2024-04-04 18:38:55,2024-04-04 20:34:58,117,Yes,,No
Oskar Koriťák,,2024-04-04 18:38:58,2024-04-04 20:35:00,117,Yes,,No
Petra Strnadová,,2024-04-04 18:38:59,2024-04-04 20:35:50,117,Yes,,No
Ludmila Kozáková,,2024-04-04 18:39:01,2024-04-04 20:35:02,117,Yes,,No
František Matějíček,,2024-04-04 18:39:11,2024-04-04 20:33:17,115,Yes,,No
Ondřej Koutný,,2024-04-04 20:32:56,2024-04-04 21:34:20,62,Yes,,No
František Matějíček,,2024-04-04 20:33:17,2024-04-04 21:34:20,62,Yes,,No
Hana Füllová,,2024-04-04 20:34:51,2024-04-04 21:34:22,60,Yes,,No
Iveta Poloková,,2024-04-04 20:34:58,2024-04-04 21:34:20,60,Yes,,No
Oskar Koriťák,,2024-04-04 20:35:00,2024-04-04 21:34:20,60,Yes,,No
Ludmila Kozáková,,2024-04-04 20:35:03,2024-04-04 21:34:26,60,Yes,,No
Karel Pavlacký,,2024-04-04 20:35:04,2024-04-04 21:34:22,60,Yes,,No
Petra Strnadová,,2024-04-04 20:35:50,2024-04-04 21:34:20,59,Yes,,No
