Meeting ID,Topic,Start Time,End Time,User Email,Duration (Minutes),Participants
95645604274,Datova Analytika,2024-03-25 18:15:59,2024-03-25 21:46:11,info@prahacoding.cz,210,26
Name (Original Name),User Email,Join Time,Leave Time,Duration (Minutes),Guest,Recording Consent,In Waiting Room
František Matějíček,,2024-03-25 18:15:59,2024-03-25 20:57:39,162,Yes,Yes,No
Karel Pavlacký,,2024-03-25 18:21:48,2024-03-25 18:51:02,30,Yes,Yes,No
Petra Strnadová,,2024-03-25 18:25:52,2024-03-25 20:58:01,153,Yes,Yes,No
Ludmila Kozáková,,2024-03-25 18:26:34,2024-03-25 20:57:43,152,Yes,Yes,No
Jiří Boháč,,2024-03-25 18:27:52,2024-03-25 20:55:53,149,Yes,Yes,No
Iveta Poloková,,2024-03-25 18:28:05,2024-03-25 20:58:08,151,Yes,Yes,No
Ondřej Koutný,,2024-03-25 18:28:52,2024-03-25 20:57:57,150,Yes,Yes,No
Oskar Koriťák,,2024-03-25 18:29:42,2024-03-25 20:57:42,148,Yes,Yes,No
Ján Rožďalovský,,2024-03-25 18:33:18,2024-03-25 18:35:34,3,Yes,Yes,No
Ján Rožďalovský,,2024-03-25 18:35:40,2024-03-25 20:57:59,143,Yes,,No
Karel Pavlacký,,2024-03-25 18:53:22,2024-03-25 20:57:42,125,Yes,Yes,No
František Matějíček,,2024-03-25 20:57:39,2024-03-25 21:28:59,32,Yes,,No
Oskar Koriťák,,2024-03-25 20:57:42,2024-03-25 21:29:39,32,Yes,,No
Karel Pavlacký,,2024-03-25 20:57:43,2024-03-25 21:29:02,32,Yes,,No
Ludmila Kozáková,,2024-03-25 20:57:44,2024-03-25 21:29:06,32,Yes,,No
Ondřej Koutný,,2024-03-25 20:57:57,2024-03-25 21:28:54,31,Yes,,No
Ján Rožďalovský,,2024-03-25 20:58:00,2024-03-25 21:29:01,32,Yes,,No
Petra Strnadová,,2024-03-25 20:58:02,2024-03-25 21:29:02,31,Yes,,No
Iveta Poloková,,2024-03-25 20:58:08,2024-03-25 21:19:31,22,Yes,,No
Ondřej Koutný,,2024-03-25 21:28:55,2024-03-25 21:33:47,5,Yes,,No
František Matějíček,,2024-03-25 21:29:00,2024-03-25 21:34:02,6,Yes,,No
Ján Rožďalovský,,2024-03-25 21:29:01,2024-03-25 21:33:57,5,Yes,,No
Petra Strnadová,,2024-03-25 21:29:02,2024-03-25 21:33:51,5,Yes,,No
Karel Pavlacký,,2024-03-25 21:29:02,2024-03-25 21:33:52,5,Yes,,No
Ludmila Kozáková,,2024-03-25 21:29:06,2024-03-25 21:33:51,5,Yes,,No
Oskar Koriťák,,2024-03-25 21:29:40,2024-03-25 21:46:11,17,Yes,,No
