Meeting ID,Topic,Start Time,End Time,User Email,Duration (Minutes),Participants
95645604274,Datova Analytika,2024-04-08 18:12:53,2024-04-08 21:36:07,info@prahacoding.cz,203,10
Name (Original Name),User Email,Join Time,Leave Time,Duration (Minutes),Guest,Recording Consent,In Waiting Room
Karel Pavlacký,,2024-04-08 18:12:53,2024-04-08 21:36:07,204,Yes,,No
František Matějíček,,2024-04-08 18:20:33,2024-04-08 21:36:00,196,Yes,,No
Hana Füllová,,2024-04-08 18:24:05,2024-04-08 21:36:01,192,Yes,,No
Ludmila Kozáková,,2024-04-08 18:24:09,2024-04-08 21:36:06,192,Yes,,No
Petra Strnadová,,2024-04-08 18:26:35,2024-04-08 21:36:03,190,Yes,,No
Ondřej Koutný,,2024-04-08 18:29:28,2024-04-08 21:18:06,169,Yes,,No
Iveta Poloková,,2024-04-08 18:29:28,2024-04-08 21:36:04,187,Yes,,No
Oskar Koriťák,,2024-04-08 18:29:53,2024-04-08 21:36:01,187,Yes,,No
Jiří Boháč,,2024-04-08 18:37:49,2024-04-08 19:28:11,51,Yes,,No
Jiří Boháč,,2024-04-08 19:37:35,2024-04-08 21:36:04,119,Yes,,No
