Meeting ID,Topic,Start Time,End Time,User Email,Duration (Minutes),Participants
95645604274,Datova Analytika,2024-03-26 18:21:04,2024-03-26 21:34:19,info@prahacoding.cz,193,11
Name (Original Name),User Email,Join Time,Leave Time,Duration (Minutes),Guest,Recording Consent,In Waiting Room
Iveta Poloková,,2024-03-26 18:21:04,2024-03-26 21:34:11,194,Yes,Yes,No
Ondřej Koutný,,2024-03-26 18:21:22,2024-03-26 20:04:59,104,Yes,Yes,No
Ludmila Kozáková,,2024-03-26 18:21:30,2024-03-26 21:34:09,193,Yes,Yes,No
František Matějíček,,2024-03-26 18:24:16,2024-03-26 21:34:05,190,Yes,Yes,No
Karel Pavlacký,,2024-03-26 18:25:03,2024-03-26 21:34:10,190,Yes,Yes,No
Hana Füllová,,2024-03-26 18:27:03,2024-03-26 21:34:05,188,Yes,Yes,No
Petra Strnadová,,2024-03-26 18:27:47,2024-03-26 21:34:04,187,Yes,Yes,No
Oskar Koriťák,,2024-03-26 18:30:31,2024-03-26 21:34:04,184,Yes,Yes,No
Ján Rožďalovský,,2024-03-26 18:30:48,2024-03-26 21:34:19,184,Yes,Yes,No
Jiří Boháč,,2024-03-26 18:35:22,2024-03-26 21:18:39,164,Yes,Yes,No
Ondřej Koutný,,2024-03-26 20:09:29,2024-03-26 21:34:02,85,Yes,Yes,No
