Meeting ID,Topic,Start Time,End Time,User Email,Duration (Minutes),Participants
95645604274,Datova Analytika,2024-04-09 18:21:30,2024-04-09 22:02:59,info@prahacoding.cz,221,10
Name (Original Name),User Email,Join Time,Leave Time,Duration (Minutes),Guest,Recording Consent,In Waiting Room
Karel Pavlacký,,2024-04-09 18:21:30,2024-04-09 22:02:59,222,Yes,,No
František Matějíček,,2024-04-09 18:21:58,2024-04-09 21:23:56,182,Yes,,No
Ludmila Kozáková,,2024-04-09 18:24:39,2024-04-09 21:24:33,180,Yes,,No
Ondřej Koutný,,2024-04-09 18:26:25,2024-04-09 18:27:15,1,Yes,,No
Ondřej Koutný,,2024-04-09 18:27:37,2024-04-09 21:19:43,173,Yes,,No
Petra Strnadová,,2024-04-09 18:28:43,2024-04-09 21:24:03,176,Yes,,No
Iveta Poloková,,2024-04-09 18:29:23,2024-04-09 21:23:58,175,Yes,,No
Oskar Koriťák,,2024-04-09 18:29:59,2024-04-09 21:24:09,175,Yes,,No
Jiří Boháč,,2024-04-09 18:32:44,2024-04-09 21:24:16,172,Yes,,No
Karel Pavlacký,,2024-04-09 18:57:17,2024-04-09 22:02:48,186,Yes,,No
