Meeting ID,Topic,Start Time,End Time,User Email,Duration (Minutes),Participants
95645604274,Datova Analytika,2024-03-21 18:18:42,2024-03-21 21:45:54,info@prahacoding.cz,207,15
Name (Original Name),User Email,Join Time,Leave Time,Duration (Minutes),Guest,Recording Consent,In Waiting Room
Zdeňka Heczková,,2024-03-21 18:18:42,2024-03-21 21:45:21,207,Yes,Yes,No
František Matějíček,,2024-03-21 18:18:54,2024-03-21 21:41:39,203,Yes,Yes,No
Ján Rožďalovský,,2024-03-21 18:19:07,2024-03-21 21:45:53,207,Yes,Yes,No
Ludmila Kozáková,,2024-03-21 18:21:39,2024-03-21 21:12:26,171,Yes,Yes,No
Iveta Poloková,,2024-03-21 18:22:03,2024-03-21 21:12:22,171,Yes,Yes,No
Petra Strnadová,,2024-03-21 18:27:10,2024-03-21 21:12:23,166,Yes,Yes,No
Karel Pavlacký,,2024-03-21 18:29:27,2024-03-21 21:45:54,197,Yes,Yes,No
Hana Füllová,,2024-03-21 18:29:32,2024-03-21 18:31:16,2,Yes,Yes,No
Ondřej Koutný,,2024-03-21 18:29:37,2024-03-21 21:12:21,163,Yes,Yes,No
Oskar Koriťák,,2024-03-21 18:29:52,2024-03-21 21:12:23,163,Yes,Yes,No
Hana Füllová,,2024-03-21 18:30:22,2024-03-21 18:31:10,1,Yes,,No
Hana Füllová,,2024-03-21 18:31:27,2024-03-21 19:02:13,31,Yes,,No
Jiří Boháč,,2024-03-21 18:31:50,2024-03-21 21:23:23,172,Yes,Yes,No
Hana Füllová,,2024-03-21 18:32:08,2024-03-21 18:59:35,28,Yes,Yes,No
Hana Füllová,,2024-03-21 19:02:14,2024-03-21 21:12:24,131,Yes,,No
