Meeting ID,Topic,Start Time,End Time,User Email,Duration (Minutes),Participants
95645604274,Datova Analytika,2024-04-15 18:23:26,2024-04-15 21:43:01,info@prahacoding.cz,199,27
Name (Original Name),User Email,Join Time,Leave Time,Duration (Minutes),Guest,Recording Consent,In Waiting Room
Karel Pavlacký,,2024-04-15 18:23:26,2024-04-15 19:50:29,88,Yes,,No
Iveta Poloková,,2024-04-15 18:24:53,2024-04-15 18:28:16,4,Yes,,No
Ludmila Kozáková,,2024-04-15 18:26:05,2024-04-15 19:50:32,85,Yes,,No
František Matějíček,,2024-04-15 18:27:36,2024-04-15 19:50:37,84,Yes,,No
Petra Strnadová,,2024-04-15 18:28:57,2024-04-15 19:50:27,82,Yes,,No
Ondřej Koutný,,2024-04-15 18:30:17,2024-04-15 19:50:28,81,Yes,,No
Oskar Koriťák,,2024-04-15 18:31:15,2024-04-15 19:50:22,80,Yes,,No
Hana Füllová,,2024-04-15 18:31:53,2024-04-15 18:44:39,13,Yes,,No
Iveta Poloková,,2024-04-15 18:32:20,2024-04-15 19:50:25,79,Yes,,No
Hana Füllová,,2024-04-15 18:45:12,2024-04-15 18:50:40,6,Yes,,No
Hana Füllová,,2024-04-15 18:48:41,2024-04-15 19:50:25,62,Yes,,No
Oskar Koriťák,,2024-04-15 19:50:23,2024-04-15 21:26:33,97,Yes,,No
Hana Füllová,,2024-04-15 19:50:25,2024-04-15 21:26:31,97,Yes,,No
Iveta Poloková,,2024-04-15 19:50:25,2024-04-15 21:26:52,97,Yes,,No
Petra Strnadová,,2024-04-15 19:50:27,2024-04-15 21:26:33,97,Yes,,No
Ondřej Koutný,,2024-04-15 19:50:28,2024-04-15 21:26:28,96,Yes,,No
Karel Pavlacký,,2024-04-15 19:50:29,2024-04-15 21:26:35,97,Yes,,No
Ludmila Kozáková,,2024-04-15 19:50:33,2024-04-15 21:26:58,97,Yes,,No
František Matějíček,,2024-04-15 19:50:38,2024-04-15 21:27:08,97,Yes,,No
Ondřej Koutný,,2024-04-15 21:26:29,2024-04-15 21:42:54,17,Yes,,No
Hana Füllová,,2024-04-15 21:26:31,2024-04-15 21:42:56,17,Yes,,No
Oskar Koriťák,,2024-04-15 21:26:33,2024-04-15 21:42:53,17,Yes,,No
Petra Strnadová,,2024-04-15 21:26:33,2024-04-15 21:42:54,17,Yes,,No
Karel Pavlacký,,2024-04-15 21:26:35,2024-04-15 21:43:00,17,Yes,,No
Iveta Poloková,,2024-04-15 21:26:53,2024-04-15 21:42:54,17,Yes,,No
Ludmila Kozáková,,2024-04-15 21:26:58,2024-04-15 21:43:01,17,Yes,,No
František Matějíček,,2024-04-15 21:27:08,2024-04-15 21:42:56,16,Yes,,No
