Meeting ID,Topic,Start Time,End Time,User Email,Duration (Minutes),Participants
95645604274,Datova Analytika,2024-04-29 18:16:27,2024-04-29 21:45:18,info@prahacoding.cz,208,10
Name (Original Name),User Email,Join Time,Leave Time,Duration (Minutes),Guest,Recording Consent,In Waiting Room
Karel Pavlacký,,2024-04-29 18:16:27,2024-04-29 19:01:26,45,Yes,,No
Ludmila Kozáková,,2024-04-29 18:24:27,2024-04-29 21:32:15,188,Yes,,No
Iveta Poloková,,2024-04-29 18:24:39,2024-04-29 21:45:18,201,Yes,,No
František Matějíček,,2024-04-29 18:25:34,2024-04-29 21:29:56,185,Yes,,No
Hana Füllová,,2024-04-29 18:26:14,2024-04-29 21:29:57,184,Yes,,No
Petra Strnadová,,2024-04-29 18:28:19,2024-04-29 21:34:18,186,Yes,,No
Oskar Koriťák,,2024-04-29 18:30:05,2024-04-29 18:31:05,1,Yes,,No
Oskar Koriťák,,2024-04-29 18:31:49,2024-04-29 21:37:03,186,Yes,,No
Ondřej Koutný,,2024-04-29 18:31:50,2024-04-29 21:37:04,186,Yes,,No
Karel Pavlacký,,2024-04-29 18:58:31,2024-04-29 21:36:03,158,Yes,,No
