Meeting ID,Topic,Start Time,End Time,User Email,Duration (Minutes),Participants
95645604274,Datova Analytika,2024-05-06 18:23:34,2024-05-06 21:20:50,info@prahacoding.cz,177,6
Name (Original Name),User Email,Join Time,Leave Time,Duration (Minutes),Guest,Recording Consent,In Waiting Room
Ludmila Kozáková,,2024-05-06 18:23:34,2024-05-06 21:20:50,178,Yes,,No
František Matějíček,,2024-05-06 18:23:58,2024-05-06 21:20:47,177,Yes,,No
Ondřej Koutný,,2024-05-06 18:25:24,2024-05-06 21:20:45,176,Yes,,No
Jiří Boháč,,2024-05-06 18:27:47,2024-05-06 20:23:13,116,Yes,,No
Petra Strnadová,,2024-05-06 18:28:48,2024-05-06 21:20:47,172,Yes,,No
Oskar Koriťák,,2024-05-06 18:30:09,2024-05-06 21:20:47,171,Yes,,No
