Meeting ID,Topic,Start Time,End Time,User Email,Duration (Minutes),Participants
95645604274,Datova Analytika,2024-05-02 18:10:39,2024-05-02 21:30:38,info@prahacoding.cz,199,8
Name (Original Name),User Email,Join Time,Leave Time,Duration (Minutes),Guest,Recording Consent,In Waiting Room
Karel Pavlacký,,2024-05-02 18:10:39,2024-05-02 21:28:12,198,Yes,,No
Hana Füllová,,2024-05-02 18:18:25,2024-05-02 21:28:13,190,Yes,,No
František Matějíček,,2024-05-02 18:23:52,2024-05-02 21:30:36,187,Yes,,No
Ludmila Kozáková,,2024-05-02 18:25:31,2024-05-02 21:30:38,186,Yes,,No
Petra Strnadová,,2024-05-02 18:27:43,2024-05-02 21:28:05,181,Yes,,No
Iveta Poloková,,2024-05-02 18:29:19,2024-05-02 21:29:12,180,Yes,,No
Ondřej Koutný,,2024-05-02 18:29:32,2024-05-02 21:29:10,180,Yes,,No
Oskar Koriťák,,2024-05-02 18:31:47,2024-05-02 21:30:34,179,Yes,,No
