Meeting ID,Topic,Start Time,End Time,User Email,Duration (Minutes),Participants
95645604274,Datova Analytika,2024-04-16 18:07:10,2024-04-16 21:43:35,info@prahacoding.cz,216,29
Name (Original Name),User Email,Join Time,Leave Time,Duration (Minutes),Guest,Recording Consent,In Waiting Room
Jiří Boháč,,2024-04-16 18:07:10,2024-04-16 18:36:09,29,Yes,,No
Ludmila Kozáková,,2024-04-16 18:25:02,2024-04-16 18:36:11,12,Yes,,No
František Matějíček,,2024-04-16 18:25:27,2024-04-16 18:36:19,11,Yes,,No
Petra Strnadová,,2024-04-16 18:25:53,2024-04-16 18:36:16,11,Yes,,No
Iveta Poloková,,2024-04-16 18:29:18,2024-04-16 18:36:07,7,Yes,,No
Ondřej Koutný,,2024-04-16 18:30:11,2024-04-16 18:36:12,7,Yes,,No
Oskar Koriťák,,2024-04-16 18:30:40,2024-04-16 18:36:15,6,Yes,,No
Hana Füllová,,2024-04-16 18:30:45,2024-04-16 18:36:07,6,Yes,,No
Karel Pavlacký,,2024-04-16 18:31:04,2024-04-16 18:36:10,6,Yes,,No
Hana Füllová,,2024-04-16 18:36:07,2024-04-16 20:59:34,144,Yes,,No
Iveta Poloková,,2024-04-16 18:36:08,2024-04-16 20:59:36,144,Yes,,No
Jiří Boháč,,2024-04-16 18:36:09,2024-04-16 20:59:54,144,Yes,,No
Karel Pavlacký,,2024-04-16 18:36:11,2024-04-16 21:00:18,145,Yes,,No
Ludmila Kozáková,,2024-04-16 18:36:12,2024-04-16 20:59:49,144,Yes,,No
Ondřej Koutný,,2024-04-16 18:36:12,2024-04-16 20:59:26,144,Yes,,No
Oskar Koriťák,,2024-04-16 18:36:15,2024-04-16 21:00:17,145,Yes,,No
Petra Strnadová,,2024-04-16 18:36:16,2024-04-16 20:59:27,144,Yes,,No
František Matějíček,,2024-04-16 18:36:20,2024-04-16 21:00:29,145,Yes,,No
Karel Pavlacký,,2024-04-16 18:40:17,2024-04-16 18:44:23,5,Yes,,No
Karel Pavlacký,,2024-04-16 18:44:23,2024-04-16 19:35:18,51,Yes,,No
Ondřej Koutný,,2024-04-16 20:59:27,2024-04-16 21:36:55,38,Yes,,No
Petra Strnadová,,2024-04-16 20:59:27,2024-04-16 21:43:25,44,Yes,,No
Hana Füllová,,2024-04-16 20:59:34,2024-04-16 21:30:35,32,Yes,,No
Iveta Poloková,,2024-04-16 20:59:36,2024-04-16 21:39:28,40,Yes,,No
Ludmila Kozáková,,2024-04-16 20:59:50,2024-04-16 21:43:30,44,Yes,,No
Jiří Boháč,,2024-04-16 20:59:55,2024-04-16 21:43:35,44,Yes,,No
Oskar Koriťák,,2024-04-16 21:00:18,2024-04-16 21:43:28,44,Yes,,No
Karel Pavlacký,,2024-04-16 21:00:19,2024-04-16 21:41:07,41,Yes,,No
František Matějíček,,2024-04-16 21:00:29,2024-04-16 21:39:15,39,Yes,,No
