Meeting ID,Topic,Start Time,End Time,User Email,Duration (Minutes),Participants
95645604274,Datova Analytika,2024-04-01 18:18:52,2024-04-01 22:28:39,info@prahacoding.cz,249,9
Name (Original Name),User Email,Join Time,Leave Time,Duration (Minutes),Guest,Recording Consent,In Waiting Room
Karel Pavlacký,,2024-04-01 18:18:52,2024-04-01 21:30:38,192,Yes,Yes,No
František Matějíček,,2024-04-01 18:23:45,2024-04-01 21:30:35,187,Yes,Yes,No
Petra Strnadová,,2024-04-01 18:24:59,2024-04-01 21:30:40,186,Yes,Yes,No
Ludmila Kozáková,,2024-04-01 18:26:20,2024-04-01 21:30:41,185,Yes,Yes,No
Iveta Poloková,,2024-04-01 18:26:33,2024-04-01 22:05:31,219,Yes,Yes,No
Hana Füllová,,2024-04-01 18:27:41,2024-04-01 22:28:39,241,Yes,Yes,No
Ondřej Koutný,,2024-04-01 18:28:27,2024-04-01 21:30:34,183,Yes,Yes,No
Oskar Koriťák,,2024-04-01 18:30:02,2024-04-01 21:30:36,181,Yes,Yes,No
Jiří Boháč,,2024-04-01 18:36:43,2024-04-01 21:30:37,174,Yes,Yes,No
