Meeting ID,Topic,Start Time,End Time,User Email,Duration (Minutes),Participants
95645604274,Datova Analytika,2024-04-11 18:21:43,2024-04-11 21:38:05,info@prahacoding.cz,196,9
Name (Original Name),User Email,Join Time,Leave Time,Duration (Minutes),Guest,Recording Consent,In Waiting Room
Ludmila Kozáková,,2024-04-11 18:21:43,2024-04-11 21:37:42,196,Yes,,No
František Matějíček,,2024-04-11 18:25:41,2024-04-11 21:37:36,192,Yes,,No
Petra Strnadová,,2024-04-11 18:27:09,2024-04-11 21:37:35,191,Yes,,No
Ondřej Koutný,,2024-04-11 18:29:22,2024-04-11 21:37:34,189,Yes,,No
Oskar Koriťák,,2024-04-11 18:30:13,2024-04-11 21:37:33,188,Yes,,No
Hana Füllová,,2024-04-11 18:30:37,2024-04-11 21:37:38,188,Yes,,No
Karel Pavlacký,,2024-04-11 18:31:48,2024-04-11 21:35:22,184,Yes,,No
Hana Füllová,,2024-04-11 18:39:19,2024-04-11 21:37:41,179,Yes,,No
Karel Pavlacký,,2024-04-11 20:13:17,2024-04-11 21:38:05,85,Yes,,No
