Meeting ID,Topic,Start Time,End Time,User Email,Duration (Minutes),Participants
95645604274,Datova Analytika,2024-03-28 18:20:07,2024-03-28 22:03:32,info@prahacoding.cz,223,33
Name (Original Name),User Email,Join Time,Leave Time,Duration (Minutes),Guest,Recording Consent,In Waiting Room
Ludmila Kozáková,,2024-03-28 18:20:07,2024-03-28 19:34:10,75,Yes,Yes,No
Ondřej Koutný,,2024-03-28 18:25:21,2024-03-28 19:34:00,69,Yes,Yes,No
František Matějíček,,2024-03-28 18:26:31,2024-03-28 19:34:13,68,Yes,Yes,No
Petra Strnadová,,2024-03-28 18:26:40,2024-03-28 19:34:02,68,Yes,Yes,No
Hana Füllová,,2024-03-28 18:26:53,2024-03-28 19:33:57,68,Yes,Yes,No
Oskar Koriťák,,2024-03-28 18:30:04,2024-03-28 19:33:57,64,Yes,Yes,No
Iveta Poloková,,2024-03-28 18:31:50,2024-03-28 19:34:00,63,Yes,Yes,No
Hana Füllová,,2024-03-28 18:32:47,2024-03-28 18:46:18,14,Yes,,No
Karel Pavlacký,,2024-03-28 18:32:59,2024-03-28 19:34:18,62,Yes,Yes,No
Ján Rožďalovský,,2024-03-28 18:35:55,2024-03-28 19:35:47,60,Yes,Yes,No
Jiří Boháč,,2024-03-28 18:50:35,2024-03-28 19:34:14,44,Yes,,No
Oskar Koriťák,,2024-03-28 19:33:57,2024-03-28 21:07:29,94,Yes,,No
Hana Füllová,,2024-03-28 19:33:57,2024-03-28 21:07:30,94,Yes,,No
Ondřej Koutný,,2024-03-28 19:34:01,2024-03-28 21:06:44,93,Yes,,No
Iveta Poloková,,2024-03-28 19:34:01,2024-03-28 21:07:30,94,Yes,,No
Petra Strnadová,,2024-03-28 19:34:03,2024-03-28 21:06:48,93,Yes,,No
Ludmila Kozáková,,2024-03-28 19:34:10,2024-03-28 21:07:06,93,Yes,,No
František Matějíček,,2024-03-28 19:34:14,2024-03-28 21:06:58,93,Yes,,No
Jiří Boháč,,2024-03-28 19:34:14,2024-03-28 21:06:44,93,Yes,,No
Karel Pavlacký,,2024-03-28 19:34:18,2024-03-28 21:07:07,93,Yes,,No
Ján Rožďalovský,,2024-03-28 19:35:27,2024-03-28 19:36:04,1,Yes,,No
Ján Rožďalovský,,2024-03-28 19:36:05,2024-03-28 21:06:59,91,Yes,,No
Ondřej Koutný,,2024-03-28 21:06:45,2024-03-28 21:48:10,42,Yes,,No
Jiří Boháč,,2024-03-28 21:06:45,2024-03-28 21:21:48,16,Yes,Yes,No
Petra Strnadová,,2024-03-28 21:06:48,2024-03-28 21:56:14,50,Yes,,No
František Matějíček,,2024-03-28 21:06:58,2024-03-28 21:39:31,33,Yes,,No
Ján Rožďalovský,,2024-03-28 21:07:00,2024-03-28 22:03:32,57,Yes,,No
Ludmila Kozáková,,2024-03-28 21:07:07,2024-03-28 21:37:52,31,Yes,,No
Karel Pavlacký,,2024-03-28 21:07:07,2024-03-28 21:48:05,41,Yes,,No
Oskar Koriťák,,2024-03-28 21:07:29,2024-03-28 21:39:15,32,Yes,,No
Iveta Poloková,,2024-03-28 21:07:30,2024-03-28 21:37:47,31,Yes,,No
Hana Füllová,,2024-03-28 21:07:31,2024-03-28 21:37:50,31,Yes,,No
Jiří Boháč,,2024-03-28 21:23:37,2024-03-28 21:54:48,32,Yes,Yes,No
