Meeting ID,Topic,Start Time,End Time,User Email,Duration (Minutes),Participants
95645604274,Datova Analytika,2024-04-30 16:27:42,2024-04-30 22:10:26,info@prahacoding.cz,342,8
Name (Original Name),User Email,Join Time,Leave Time,Duration (Minutes),Guest,Recording Consent,In Waiting Room
Hana Füllová,,2024-04-30 16:27:42,2024-04-30 22:10:26,343,Yes,,No
Karel Pavlacký,,2024-04-30 18:11:54,2024-04-30 21:29:36,198,Yes,,No
Iveta Poloková,,2024-04-30 18:23:53,2024-04-30 21:29:41,186,Yes,,No
František Matějíček,,2024-04-30 18:24:35,2024-04-30 21:26:12,182,Yes,,No
Ludmila Kozáková,,2024-04-30 18:25:00,2024-04-30 21:30:14,186,Yes,,No
Petra Strnadová,,2024-04-30 18:27:53,2024-04-30 21:26:07,179,Yes,,No
Oskar Koriťák,,2024-04-30 18:29:53,2024-04-30 21:28:32,179,Yes,,No
Ondřej Koutný,,2024-04-30 18:57:37,2024-04-30 21:26:12,149,Yes,,No
