Meeting ID,Topic,Start Time,End Time,User Email,Duration (Minutes),Participants
95645604274,Datova Analytika,2024-04-25 18:10:56,2024-04-25 21:54:36,info@prahacoding.cz,223,9
Name (Original Name),User Email,Join Time,Leave Time,Duration (Minutes),Guest,Recording Consent,In Waiting Room
Karel Pavlacký,,2024-04-25 18:10:56,2024-04-25 20:31:04,141,Yes,,No
Iveta Poloková,,2024-04-25 18:19:54,2024-04-25 21:54:36,215,Yes,,No
Ludmila Kozáková,,2024-04-25 18:20:44,2024-04-25 21:38:13,198,Yes,,No
Hana Füllová,,2024-04-25 18:25:42,2024-04-25 21:29:57,185,Yes,,No
Petra Strnadová,,2024-04-25 18:28:18,2024-04-25 21:29:36,182,Yes,,No
František Matějíček,,2024-04-25 18:28:23,2024-04-25 21:28:45,181,Yes,,No
Ondřej Koutný,,2024-04-25 18:29:31,2024-04-25 21:32:03,183,Yes,,No
Oskar Koriťák,,2024-04-25 18:30:39,2024-04-25 21:29:32,179,Yes,,No
Karel Pavlacký,,2024-04-25 20:33:21,2024-04-25 21:27:09,54,Yes,,No
