Meeting ID,Topic,Start Time,End Time,User Email,Duration (Minutes),Participants
95645604274,Datova Analytika,2024-05-07 18:19:01,2024-05-07 19:57:06,info@prahacoding.cz,98,7
Name (Original Name),User Email,Join Time,Leave Time,Duration (Minutes),Guest,Recording Consent,In Waiting Room
František Matějíček,,2024-05-07 18:19:01,2024-05-07 19:46:13,88,Yes,,No
Ludmila Kozáková,,2024-05-07 18:24:10,2024-05-07 19:45:39,82,Yes,,No
Petra Strnadová,,2024-05-07 18:27:05,2024-05-07 19:45:33,79,Yes,,No
Ondřej Koutný,,2024-05-07 18:27:38,2024-05-07 19:45:33,78,Yes,,No
Iveta Poloková,,2024-05-07 18:27:51,2024-05-07 19:57:06,90,Yes,,No
Oskar Koriťák,,2024-05-07 18:30:15,2024-05-07 18:30:28,1,Yes,,No
Oskar Koriťák,,2024-05-07 18:31:15,2024-05-07 19:45:32,75,Yes,,No
