Meeting ID,Topic,Start Time,End Time,User Email,Duration (Minutes),Participants
95645604562,Datova Analytika,2024-04-29 18:12:53,2024-04-29 21:36:07,info@prahacoding.cz,203,10
Name (Original Name),User Email,Join Time,Leave Time,Duration (Minutes),Guest,Recording Consent,In Waiting Room
Jana Rohlová,,2024-04-29 18:12:53,2024-04-29 21:36:07,204,Yes,,No
Lucie Benková,,2024-04-29 18:20:33,2024-04-29 21:36:00,196,Yes,,No
Anděla Kučerová,,2024-04-29 18:24:05,2024-04-29 21:36:01,192,Yes,,No
Libor Jičínský,,2024-04-29 18:24:09,2024-04-29 21:36:06,192,Yes,,No
Vojtěch Brabec,,2024-04-29 18:26:35,2024-04-29 21:36:03,190,Yes,,No
Valentyna Vávrová,,2024-04-29 18:29:28,2024-04-29 21:18:06,169,Yes,,No
Petr Mytych,,2024-04-29 18:29:28,2024-04-29 21:36:04,187,Yes,,No
Zdeněk Coufal,,2024-04-29 18:29:53,2024-04-29 21:36:01,187,Yes,,No
Veronika Hanzlíčková,,2024-04-29 18:37:49,2024-04-29 19:28:11,51,Yes,,No
Veronika Hanzlíčková,,2024-04-29 19:37:35,2024-04-29 21:36:04,119,Yes,,No
