Meeting ID,Topic,Start Time,End Time,User Email,Duration (Minutes),Participants
95645604562,Datova Analytika,2024-04-30 18:21:30,2024-04-30 22:02:59,info@prahacoding.cz,221,10
Name (Original Name),User Email,Join Time,Leave Time,Duration (Minutes),Guest,Recording Consent,In Waiting Room
Jana Rohlová,,2024-04-30 18:21:30,2024-04-30 22:02:59,222,Yes,,No
Lucie Benková,,2024-04-30 18:21:58,2024-04-30 21:23:56,182,Yes,,No
Libor Jičínský,,2024-04-30 18:24:39,2024-04-30 21:24:33,180,Yes,,No
Valentyna Vávrová,,2024-04-30 18:26:25,2024-04-30 18:27:15,1,Yes,,No
Valentyna Vávrová,,2024-04-30 18:27:37,2024-04-30 21:19:43,173,Yes,,No
Vojtěch Brabec,,2024-04-30 18:28:43,2024-04-30 21:24:03,176,Yes,,No
Petr Mytych,,2024-04-30 18:29:23,2024-04-30 21:23:58,175,Yes,,No
Zdeněk Coufal,,2024-04-30 18:29:59,2024-04-30 21:24:09,175,Yes,,No
Veronika Hanzlíčková,,2024-04-30 18:32:44,2024-04-30 21:24:16,172,Yes,,No
Jana Rohlová,,2024-04-30 18:57:17,2024-04-30 22:02:48,186,Yes,,No
