Meeting ID,Topic,Start Time,End Time,User Email,Duration (Minutes),Participants
95645604562,Datova Analytika,2024-04-23 18:17:06,2024-04-23 21:32:52,info@prahacoding.cz,195,11
Name (Original Name),User Email,Join Time,Leave Time,Duration (Minutes),Guest,Recording Consent,In Waiting Room
Petr Mytych,,2024-04-23 18:17:06,2024-04-23 21:32:46,196,Yes,Yes,No
Libor Jičínský,,2024-04-23 18:20:16,2024-04-23 21:32:50,193,Yes,Yes,No
Jana Rohlová,,2024-04-23 18:22:33,2024-04-23 21:32:50,191,Yes,Yes,No
Vojtěch Brabec,,2024-04-23 18:24:10,2024-04-23 21:32:51,189,Yes,Yes,No
Veronika Hanzlíčková,,2024-04-23 18:26:11,2024-04-23 20:20:36,115,Yes,,No
Lucie Benková,,2024-04-23 18:26:29,2024-04-23 21:32:45,187,Yes,Yes,No
Valentyna Vávrová,,2024-04-23 18:28:29,2024-04-23 21:32:45,185,Yes,Yes,No
Zdeněk Coufal,,2024-04-23 18:29:51,2024-04-23 21:32:46,183,Yes,Yes,No
Anděla Kučerová,,2024-04-23 18:29:51,2024-04-23 21:32:52,184,Yes,Yes,No
Anděla Kučerová,,2024-04-23 19:51:52,2024-04-23 21:32:49,101,Yes,Yes,No
Veronika Hanzlíčková,,2024-04-23 20:21:03,2024-04-23 21:32:48,72,Yes,,No
