Meeting ID,Topic,Start Time,End Time,User Email,Duration (Minutes),Participants
95645604562,Datova Analytika,2024-04-16 18:21:04,2024-04-16 21:34:19,info@prahacoding.cz,193,11
Name (Original Name),User Email,Join Time,Leave Time,Duration (Minutes),Guest,Recording Consent,In Waiting Room
Petr Mytych,,2024-04-16 18:21:04,2024-04-16 21:34:11,194,Yes,Yes,No
Valentyna Vávrová,,2024-04-16 18:21:22,2024-04-16 20:04:59,104,Yes,Yes,No
Libor Jičínský,,2024-04-16 18:21:30,2024-04-16 21:34:09,193,Yes,Yes,No
Lucie Benková,,2024-04-16 18:24:16,2024-04-16 21:34:05,190,Yes,Yes,No
Jana Rohlová,,2024-04-16 18:25:03,2024-04-16 21:34:10,190,Yes,Yes,No
Anděla Kučerová,,2024-04-16 18:27:03,2024-04-16 21:34:05,188,Yes,Yes,No
Vojtěch Brabec,,2024-04-16 18:27:47,2024-04-16 21:34:04,187,Yes,Yes,No
Zdeněk Coufal,,2024-04-16 18:30:31,2024-04-16 21:34:04,184,Yes,Yes,No
Carolina Krušberská,,2024-04-16 18:30:48,2024-04-16 21:34:19,184,Yes,Yes,No
Veronika Hanzlíčková,,2024-04-16 18:35:22,2024-04-16 21:18:39,164,Yes,Yes,No
Valentyna Vávrová,,2024-04-16 20:09:29,2024-04-16 21:34:02,85,Yes,Yes,No
