Meeting ID,Topic,Start Time,End Time,User Email,Duration (Minutes),Participants
95645604562,Datova Analytika,2024-05-28 18:19:01,2024-05-28 19:57:06,info@prahacoding.cz,98,7
Name (Original Name),User Email,Join Time,Leave Time,Duration (Minutes),Guest,Recording Consent,In Waiting Room
Lucie Benková,,2024-05-28 18:19:01,2024-05-28 19:46:13,88,Yes,,No
Libor Jičínský,,2024-05-28 18:24:10,2024-05-28 19:45:39,82,Yes,,No
Vojtěch Brabec,,2024-05-28 18:27:05,2024-05-28 19:45:33,79,Yes,,No
Valentyna Vávrová,,2024-05-28 18:27:38,2024-05-28 19:45:33,78,Yes,,No
Petr Mytych,,2024-05-28 18:27:51,2024-05-28 19:57:06,90,Yes,,No
Zdeněk Coufal,,2024-05-28 18:30:15,2024-05-28 18:30:28,1,Yes,,No
Zdeněk Coufal,,2024-05-28 18:31:15,2024-05-28 19:45:32,75,Yes,,No
