Meeting ID,Topic,Start Time,End Time,User Email,Duration (Minutes),Participants
95645604562,Datova Analytika,2024-05-27 18:23:34,2024-05-27 21:20:50,info@prahacoding.cz,177,6
Name (Original Name),User Email,Join Time,Leave Time,Duration (Minutes),Guest,Recording Consent,In Waiting Room
Libor Jičínský,,2024-05-27 18:23:34,2024-05-27 21:20:50,178,Yes,,No
Lucie Benková,,2024-05-27 18:23:58,2024-05-27 21:20:47,177,Yes,,No
Valentyna Vávrová,,2024-05-27 18:25:24,2024-05-27 21:20:45,176,Yes,,No
Veronika Hanzlíčková,,2024-05-27 18:27:47,2024-05-27 20:23:13,116,Yes,,No
Vojtěch Brabec,,2024-05-27 18:28:48,2024-05-27 21:20:47,172,Yes,,No
Zdeněk Coufal,,2024-05-27 18:30:09,2024-05-27 21:20:47,171,Yes,,No
