Meeting ID,Topic,Start Time,End Time,User Email,Duration (Minutes),Participants
95645604562,Datova Analytika,2024-05-23 18:10:39,2024-05-23 21:30:38,info@prahacoding.cz,199,8
Name (Original Name),User Email,Join Time,Leave Time,Duration (Minutes),Guest,Recording Consent,In Waiting Room
Jana Rohlová,,2024-05-23 18:10:39,2024-05-23 21:28:12,198,Yes,,No
Anděla Kučerová,,2024-05-23 18:18:25,2024-05-23 21:28:13,190,Yes,,No
Lucie Benková,,2024-05-23 18:23:52,2024-05-23 21:30:36,187,Yes,,No
Libor Jičínský,,2024-05-23 18:25:31,2024-05-23 21:30:38,186,Yes,,No
Vojtěch Brabec,,2024-05-23 18:27:43,2024-05-23 21:28:05,181,Yes,,No
Petr Mytych,,2024-05-23 18:29:19,2024-05-23 21:29:12,180,Yes,,No
Valentyna Vávrová,,2024-05-23 18:29:32,2024-05-23 21:29:10,180,Yes,,No
Zdeněk Coufal,,2024-05-23 18:31:47,2024-05-23 21:30:34,179,Yes,,No
