Meeting ID,Topic,Start Time,End Time,User Email,Duration (Minutes),Participants
95645604562,Datova Analytika,2024-05-21 16:27:42,2024-05-21 22:10:26,info@prahacoding.cz,342,8
Name (Original Name),User Email,Join Time,Leave Time,Duration (Minutes),Guest,Recording Consent,In Waiting Room
Anděla Kučerová,,2024-05-21 16:27:42,2024-05-21 22:10:26,343,Yes,,No
Jana Rohlová,,2024-05-21 18:11:54,2024-05-21 21:29:36,198,Yes,,No
Petr Mytych,,2024-05-21 18:23:53,2024-05-21 21:29:41,186,Yes,,No
Lucie Benková,,2024-05-21 18:24:35,2024-05-21 21:26:12,182,Yes,,No
Libor Jičínský,,2024-05-21 18:25:00,2024-05-21 21:30:14,186,Yes,,No
Vojtěch Brabec,,2024-05-21 18:27:53,2024-05-21 21:26:07,179,Yes,,No
Zdeněk Coufal,,2024-05-21 18:29:53,2024-05-21 21:28:32,179,Yes,,No
Valentyna Vávrová,,2024-05-21 18:57:37,2024-05-21 21:26:12,149,Yes,,No
