Meeting ID,Topic,Start Time,End Time,User Email,Duration (Minutes),Participants
95645604562,Datova Analytika,2024-05-02 18:21:43,2024-05-02 21:38:05,info@prahacoding.cz,196,9
Name (Original Name),User Email,Join Time,Leave Time,Duration (Minutes),Guest,Recording Consent,In Waiting Room
Libor Jičínský,,2024-05-02 18:21:43,2024-05-02 21:37:42,196,Yes,,No
Lucie Benková,,2024-05-02 18:25:41,2024-05-02 21:37:36,192,Yes,,No
Vojtěch Brabec,,2024-05-02 18:27:09,2024-05-02 21:37:35,191,Yes,,No
Valentyna Vávrová,,2024-05-02 18:29:22,2024-05-02 21:37:34,189,Yes,,No
Zdeněk Coufal,,2024-05-02 18:30:13,2024-05-02 21:37:33,188,Yes,,No
Anděla Kučerová,,2024-05-02 18:30:37,2024-05-02 21:37:38,188,Yes,,No
Jana Rohlová,,2024-05-02 18:31:48,2024-05-02 21:35:22,184,Yes,,No
Anděla Kučerová,,2024-05-02 18:39:19,2024-05-02 21:37:41,179,Yes,,No
Jana Rohlová,,2024-05-02 20:13:17,2024-05-02 21:38:05,85,Yes,,No
