Meeting ID,Topic,Start Time,End Time,User Email,Duration (Minutes),Participants
95645604562,Datova Analytika,2024-05-20 18:16:27,2024-05-20 21:45:18,info@prahacoding.cz,208,10
Name (Original Name),User Email,Join Time,Leave Time,Duration (Minutes),Guest,Recording Consent,In Waiting Room
Jana Rohlová,,2024-05-20 18:16:27,2024-05-20 19:01:26,45,Yes,,No
Libor Jičínský,,2024-05-20 18:24:27,2024-05-20 21:32:15,188,Yes,,No
Petr Mytych,,2024-05-20 18:24:39,2024-05-20 21:45:18,201,Yes,,No
Lucie Benková,,2024-05-20 18:25:34,2024-05-20 21:29:56,185,Yes,,No
Anděla Kučerová,,2024-05-20 18:26:14,2024-05-20 21:29:57,184,Yes,,No
Vojtěch Brabec,,2024-05-20 18:28:19,2024-05-20 21:34:18,186,Yes,,No
Zdeněk Coufal,,2024-05-20 18:30:05,2024-05-20 18:31:05,1,Yes,,No
Zdeněk Coufal,,2024-05-20 18:31:49,2024-05-20 21:37:03,186,Yes,,No
Valentyna Vávrová,,2024-05-20 18:31:50,2024-05-20 21:37:04,186,Yes,,No
Jana Rohlová,,2024-05-20 18:58:31,2024-05-20 21:36:03,158,Yes,,No
