Meeting ID,Topic,Start Time,End Time,User Email,Duration (Minutes),Participants
95645604562,Datova Analytika,2024-04-15 18:15:59,2024-04-15 21:46:11,info@prahacoding.cz,210,26
Name (Original Name),User Email,Join Time,Leave Time,Duration (Minutes),Guest,Recording Consent,In Waiting Room
Lucie Benková,,2024-04-15 18:15:59,2024-04-15 20:57:39,162,Yes,Yes,No
Jana Rohlová,,2024-04-15 18:21:48,2024-04-15 18:51:02,30,Yes,Yes,No
Vojtěch Brabec,,2024-04-15 18:25:52,2024-04-15 20:58:01,153,Yes,Yes,No
Libor Jičínský,,2024-04-15 18:26:34,2024-04-15 20:57:43,152,Yes,Yes,No
Veronika Hanzlíčková,,2024-04-15 18:27:52,2024-04-15 20:55:53,149,Yes,Yes,No
Petr Mytych,,2024-04-15 18:28:05,2024-04-15 20:58:08,151,Yes,Yes,No
Valentyna Vávrová,,2024-04-15 18:28:52,2024-04-15 20:57:57,150,Yes,Yes,No
Zdeněk Coufal,,2024-04-15 18:29:42,2024-04-15 20:57:42,148,Yes,Yes,No
Carolina Krušberská,,2024-04-15 18:33:18,2024-04-15 18:35:34,3,Yes,Yes,No
Carolina Krušberská,,2024-04-15 18:35:40,2024-04-15 20:57:59,143,Yes,,No
Jana Rohlová,,2024-04-15 18:53:22,2024-04-15 20:57:42,125,Yes,Yes,No
Lucie Benková,,2024-04-15 20:57:39,2024-04-15 21:28:59,32,Yes,,No
Zdeněk Coufal,,2024-04-15 20:57:42,2024-04-15 21:29:39,32,Yes,,No
Jana Rohlová,,2024-04-15 20:57:43,2024-04-15 21:29:02,32,Yes,,No
Libor Jičínský,,2024-04-15 20:57:44,2024-04-15 21:29:06,32,Yes,,No
Valentyna Vávrová,,2024-04-15 20:57:57,2024-04-15 21:28:54,31,Yes,,No
Carolina Krušberská,,2024-04-15 20:58:00,2024-04-15 21:29:01,32,Yes,,No
Vojtěch Brabec,,2024-04-15 20:58:02,2024-04-15 21:29:02,31,Yes,,No
Petr Mytych,,2024-04-15 20:58:08,2024-04-15 21:19:31,22,Yes,,No
Valentyna Vávrová,,2024-04-15 21:28:55,2024-04-15 21:33:47,5,Yes,,No
Lucie Benková,,2024-04-15 21:29:00,2024-04-15 21:34:02,6,Yes,,No
Carolina Krušberská,,2024-04-15 21:29:01,2024-04-15 21:33:57,5,Yes,,No
Vojtěch Brabec,,2024-04-15 21:29:02,2024-04-15 21:33:51,5,Yes,,No
Jana Rohlová,,2024-04-15 21:29:02,2024-04-15 21:33:52,5,Yes,,No
Libor Jičínský,,2024-04-15 21:29:06,2024-04-15 21:33:51,5,Yes,,No
Zdeněk Coufal,,2024-04-15 21:29:40,2024-04-15 21:46:11,17,Yes,,No
