Meeting ID,Topic,Start Time,End Time,User Email,Duration (Minutes),Participants
95645604562,Datova Analytika,2024-05-14 18:21:20,2024-05-14 21:35:38,info@prahacoding.cz,194,10
Name (Original Name),User Email,Join Time,Leave Time,Duration (Minutes),Guest,Recording Consent,In Waiting Room
Petr Mytych,,2024-05-14 18:21:20,2024-05-14 21:30:11,189,Yes,,No
Veronika Hanzlíčková,,2024-05-14 18:23:46,2024-05-14 19:00:57,38,Yes,,No
Jana Rohlová,,2024-05-14 18:25:28,2024-05-14 21:35:38,191,Yes,,No
Lucie Benková,,2024-05-14 18:26:51,2024-05-14 21:29:25,183,Yes,,No
Libor Jičínský,,2024-05-14 18:27:57,2024-05-14 21:29:36,182,Yes,,No
Valentyna Vávrová,,2024-05-14 18:28:00,2024-05-14 21:29:18,182,Yes,,No
Veronika Hanzlíčková,,2024-05-14 19:01:12,2024-05-14 19:04:11,3,Yes,,No
Veronika Hanzlíčková,,2024-05-14 19:06:07,2024-05-14 19:41:14,36,Yes,,No
Jana Rohlová,,2024-05-14 19:41:31,2024-05-14 21:29:23,108,Yes,,No
Veronika Hanzlíčková,,2024-05-14 19:42:06,2024-05-14 21:18:30,97,Yes,,No
