Meeting ID,Topic,Start Time,End Time,User Email,Duration (Minutes),Participants
95645604562,Datova Analytika,2024-04-22 18:18:52,2024-04-22 22:28:39,info@prahacoding.cz,249,9
Name (Original Name),User Email,Join Time,Leave Time,Duration (Minutes),Guest,Recording Consent,In Waiting Room
Jana Rohlová,,2024-04-22 18:18:52,2024-04-22 21:30:38,192,Yes,Yes,No
Lucie Benková,,2024-04-22 18:23:45,2024-04-22 21:30:35,187,Yes,Yes,No
Vojtěch Brabec,,2024-04-22 18:24:59,2024-04-22 21:30:40,186,Yes,Yes,No
Libor Jičínský,,2024-04-22 18:26:20,2024-04-22 21:30:41,185,Yes,Yes,No
Petr Mytych,,2024-04-22 18:26:33,2024-04-22 22:05:31,219,Yes,Yes,No
Anděla Kučerová,,2024-04-22 18:27:41,2024-04-22 22:28:39,241,Yes,Yes,No
Valentyna Vávrová,,2024-04-22 18:28:27,2024-04-22 21:30:34,183,Yes,Yes,No
Zdeněk Coufal,,2024-04-22 18:30:02,2024-04-22 21:30:36,181,Yes,Yes,No
Veronika Hanzlíčková,,2024-04-22 18:36:43,2024-04-22 21:30:37,174,Yes,Yes,No
