Meeting ID,Topic,Start Time,End Time,User Email,Duration (Minutes),Participants
95645604562,Datova Analytika,2024-05-16 18:10:56,2024-05-16 21:54:36,info@prahacoding.cz,223,9
Name (Original Name),User Email,Join Time,Leave Time,Duration (Minutes),Guest,Recording Consent,In Waiting Room
Jana Rohlová,,2024-05-16 18:10:56,2024-05-16 20:31:04,141,Yes,,No
Petr Mytych,,2024-05-16 18:19:54,2024-05-16 21:54:36,215,Yes,,No
Libor Jičínský,,2024-05-16 18:20:44,2024-05-16 21:38:13,198,Yes,,No
Anděla Kučerová,,2024-05-16 18:25:42,2024-05-16 21:29:57,185,Yes,,No
Vojtěch Brabec,,2024-05-16 18:28:18,2024-05-16 21:29:36,182,Yes,,No
Lucie Benková,,2024-05-16 18:28:23,2024-05-16 21:28:45,181,Yes,,No
Valentyna Vávrová,,2024-05-16 18:29:31,2024-05-16 21:32:03,183,Yes,,No
Zdeněk Coufal,,2024-05-16 18:30:39,2024-05-16 21:29:32,179,Yes,,No
Jana Rohlová,,2024-05-16 20:33:21,2024-05-16 21:27:09,54,Yes,,No
